relations:
    - (Netherlands, GroningenAdm1NLD)
    - (Netherlands, DrentheAdm1NLD)
    - (Netherlands, UtrechtAdm1NLD)
    - (Netherlands, FlevolandAdm1NLD)
    - (Netherlands, OverijsselAdm1NLD)
    - (Netherlands, Noord-HollandAdm1NLD)
    - (Netherlands, GelderlandAdm1NLD)
    - (Netherlands, Zuid-HollandAdm1NLD)
    - (Netherlands, FryslânAdm1NLD)
    - (Netherlands, Noord-BrabantAdm1NLD)
    - (Netherlands, LimburgAdm1NLD)
    - (Netherlands, ZeelandAdm1NLD)
    - (GroningenAdm1NLD, GroningenAdm2NLD)
    - (GroningenAdm1NLD, StadskanaalAdm2NLD)
    - (GroningenAdm1NLD, VeendamAdm2NLD)
    - (GroningenAdm1NLD, PekelaAdm2NLD)
    - (GroningenAdm1NLD, OldambtAdm2NLD)
    - (GroningenAdm1NLD, WesterwoldeAdm2NLD)
    - (GroningenAdm1NLD, Midden-GroningenAdm2NLD)
    - (GroningenAdm1NLD, HetHogelandAdm2NLD)
    - (GroningenAdm1NLD, WesterkwartierAdm2NLD)
    - (GroningenAdm1NLD, EemsdeltaAdm2NLD)
    - (DrentheAdm1NLD, AssenAdm2NLD)
    - (DrentheAdm1NLD, CoevordenAdm2NLD)
    - (DrentheAdm1NLD, EmmenAdm2NLD)
    - (DrentheAdm1NLD, HoogeveenAdm2NLD)
    - (DrentheAdm1NLD, MeppelAdm2NLD)
    - (DrentheAdm1NLD, AaenHunzeAdm2NLD)
    - (DrentheAdm1NLD, Borger-OdoornAdm2NLD)
    - (DrentheAdm1NLD, DeWoldenAdm2NLD)
    - (DrentheAdm1NLD, NoordenveldAdm2NLD)
    - (DrentheAdm1NLD, WesterveldAdm2NLD)
    - (DrentheAdm1NLD, TynaarloAdm2NLD)
    - (DrentheAdm1NLD, Midden-DrentheAdm2NLD)
    - (UtrechtAdm1NLD, AmersfoortAdm2NLD)
    - (UtrechtAdm1NLD, BaarnAdm2NLD)
    - (UtrechtAdm1NLD, DeBiltAdm2NLD)
    - (UtrechtAdm1NLD, BunnikAdm2NLD)
    - (UtrechtAdm1NLD, BunschotenAdm2NLD)
    - (UtrechtAdm1NLD, EemnesAdm2NLD)
    - (UtrechtAdm1NLD, HoutenAdm2NLD)
    - (UtrechtAdm1NLD, LeusdenAdm2NLD)
    - (UtrechtAdm1NLD, LopikAdm2NLD)
    - (UtrechtAdm1NLD, MontfoortAdm2NLD)
    - (UtrechtAdm1NLD, RenswoudeAdm2NLD)
    - (UtrechtAdm1NLD, RhenenAdm2NLD)
    - (UtrechtAdm1NLD, SoestAdm2NLD)
    - (UtrechtAdm1NLD, UtrechtAdm2NLD)
    - (UtrechtAdm1NLD, VeenendaalAdm2NLD)
    - (UtrechtAdm1NLD, WoudenbergAdm2NLD)
    - (UtrechtAdm1NLD, WijkbijDuurstedeAdm2NLD)
    - (UtrechtAdm1NLD, IJsselsteinAdm2NLD)
    - (UtrechtAdm1NLD, ZeistAdm2NLD)
    - (UtrechtAdm1NLD, NieuwegeinAdm2NLD)
    - (UtrechtAdm1NLD, OudewaterAdm2NLD)
    - (UtrechtAdm1NLD, WoerdenAdm2NLD)
    - (UtrechtAdm1NLD, DeRondeVenenAdm2NLD)
    - (UtrechtAdm1NLD, UtrechtseHeuvelrugAdm2NLD)
    - (UtrechtAdm1NLD, StichtseVechtAdm2NLD)
    - (UtrechtAdm1NLD, VijfheerenlandenAdm2NLD)
    - (FlevolandAdm1NLD, AlmereAdm2NLD)
    - (FlevolandAdm1NLD, ZeewoldeAdm2NLD)
    - (FlevolandAdm1NLD, NoordoostpolderAdm2NLD)
    - (FlevolandAdm1NLD, UrkAdm2NLD)
    - (FlevolandAdm1NLD, DrontenAdm2NLD)
    - (FlevolandAdm1NLD, LelystadAdm2NLD)
    - (OverijsselAdm1NLD, AlmeloAdm2NLD)
    - (OverijsselAdm1NLD, BorneAdm2NLD)
    - (OverijsselAdm1NLD, DalfsenAdm2NLD)
    - (OverijsselAdm1NLD, DeventerAdm2NLD)
    - (OverijsselAdm1NLD, EnschedeAdm2NLD)
    - (OverijsselAdm1NLD, HaaksbergenAdm2NLD)
    - (OverijsselAdm1NLD, HardenbergAdm2NLD)
    - (OverijsselAdm1NLD, HellendoornAdm2NLD)
    - (OverijsselAdm1NLD, KampenAdm2NLD)
    - (OverijsselAdm1NLD, LosserAdm2NLD)
    - (OverijsselAdm1NLD, OldenzaalAdm2NLD)
    - (OverijsselAdm1NLD, OmmenAdm2NLD)
    - (OverijsselAdm1NLD, RaalteAdm2NLD)
    - (OverijsselAdm1NLD, StaphorstAdm2NLD)
    - (OverijsselAdm1NLD, TubbergenAdm2NLD)
    - (OverijsselAdm1NLD, WierdenAdm2NLD)
    - (OverijsselAdm1NLD, ZwolleAdm2NLD)
    - (OverijsselAdm1NLD, TwenterandAdm2NLD)
    - (OverijsselAdm1NLD, SteenwijkerlandAdm2NLD)
    - (OverijsselAdm1NLD, HofvanTwenteAdm2NLD)
    - (OverijsselAdm1NLD, Rijssen-HoltenAdm2NLD)
    - (OverijsselAdm1NLD, Olst-WijheAdm2NLD)
    - (OverijsselAdm1NLD, DinkellandAdm2NLD)
    - (OverijsselAdm1NLD, ZwartewaterlandAdm2NLD)
    - (OverijsselAdm1NLD, Hengelo(O)Adm2NLD)
    - (Noord-HollandAdm1NLD, AalsmeerAdm2NLD)
    - (Noord-HollandAdm1NLD, AlkmaarAdm2NLD)
    - (Noord-HollandAdm1NLD, AmstelveenAdm2NLD)
    - (Noord-HollandAdm1NLD, AmsterdamAdm2NLD)
    - (Noord-HollandAdm1NLD, BeverwijkAdm2NLD)
    - (Noord-HollandAdm1NLD, BlaricumAdm2NLD)
    - (Noord-HollandAdm1NLD, BloemendaalAdm2NLD)
    - (Noord-HollandAdm1NLD, CastricumAdm2NLD)
    - (Noord-HollandAdm1NLD, DiemenAdm2NLD)
    - (Noord-HollandAdm1NLD, Edam-VolendamAdm2NLD)
    - (Noord-HollandAdm1NLD, EnkhuizenAdm2NLD)
    - (Noord-HollandAdm1NLD, HaarlemAdm2NLD)
    - (Noord-HollandAdm1NLD, HaarlemmermeerAdm2NLD)
    - (Noord-HollandAdm1NLD, HeemskerkAdm2NLD)
    - (Noord-HollandAdm1NLD, HeemstedeAdm2NLD)
    - (Noord-HollandAdm1NLD, HeilooAdm2NLD)
    - (Noord-HollandAdm1NLD, Bergen(NH)Adm2NLD)
    - (Noord-HollandAdm1NLD, DenHelderAdm2NLD)
    - (Noord-HollandAdm1NLD, HilversumAdm2NLD)
    - (Noord-HollandAdm1NLD, HoornAdm2NLD)
    - (Noord-HollandAdm1NLD, HuizenAdm2NLD)
    - (Noord-HollandAdm1NLD, LandsmeerAdm2NLD)
    - (Noord-HollandAdm1NLD, LarenAdm2NLD)
    - (Noord-HollandAdm1NLD, MedemblikAdm2NLD)
    - (Noord-HollandAdm1NLD, OostzaanAdm2NLD)
    - (Noord-HollandAdm1NLD, OpmeerAdm2NLD)
    - (Noord-HollandAdm1NLD, Ouder-AmstelAdm2NLD)
    - (Noord-HollandAdm1NLD, PurmerendAdm2NLD)
    - (Noord-HollandAdm1NLD, SchagenAdm2NLD)
    - (Noord-HollandAdm1NLD, TexelAdm2NLD)
    - (Noord-HollandAdm1NLD, UitgeestAdm2NLD)
    - (Noord-HollandAdm1NLD, UithoornAdm2NLD)
    - (Noord-HollandAdm1NLD, VelsenAdm2NLD)
    - (Noord-HollandAdm1NLD, ZandvoortAdm2NLD)
    - (Noord-HollandAdm1NLD, ZaanstadAdm2NLD)
    - (Noord-HollandAdm1NLD, DrechterlandAdm2NLD)
    - (Noord-HollandAdm1NLD, StedeBroecAdm2NLD)
    - (Noord-HollandAdm1NLD, WaterlandAdm2NLD)
    - (Noord-HollandAdm1NLD, WormerlandAdm2NLD)
    - (Noord-HollandAdm1NLD, KoggenlandAdm2NLD)
    - (Noord-HollandAdm1NLD, WijdemerenAdm2NLD)
    - (Noord-HollandAdm1NLD, HollandsKroonAdm2NLD)
    - (Noord-HollandAdm1NLD, GooiseMerenAdm2NLD)
    - (Noord-HollandAdm1NLD, DijkenWaardAdm2NLD)
    - (GelderlandAdm1NLD, AaltenAdm2NLD)
    - (GelderlandAdm1NLD, ApeldoornAdm2NLD)
    - (GelderlandAdm1NLD, ArnhemAdm2NLD)
    - (GelderlandAdm1NLD, BarneveldAdm2NLD)
    - (GelderlandAdm1NLD, BeuningenAdm2NLD)
    - (GelderlandAdm1NLD, BrummenAdm2NLD)
    - (GelderlandAdm1NLD, BurenAdm2NLD)
    - (GelderlandAdm1NLD, CulemborgAdm2NLD)
    - (GelderlandAdm1NLD, DoesburgAdm2NLD)
    - (GelderlandAdm1NLD, DoetinchemAdm2NLD)
    - (GelderlandAdm1NLD, DrutenAdm2NLD)
    - (GelderlandAdm1NLD, DuivenAdm2NLD)
    - (GelderlandAdm1NLD, EdeAdm2NLD)
    - (GelderlandAdm1NLD, ElburgAdm2NLD)
    - (GelderlandAdm1NLD, EpeAdm2NLD)
    - (GelderlandAdm1NLD, ErmeloAdm2NLD)
    - (GelderlandAdm1NLD, HarderwijkAdm2NLD)
    - (GelderlandAdm1NLD, HattemAdm2NLD)
    - (GelderlandAdm1NLD, HeerdeAdm2NLD)
    - (GelderlandAdm1NLD, HeumenAdm2NLD)
    - (GelderlandAdm1NLD, LochemAdm2NLD)
    - (GelderlandAdm1NLD, MaasdrielAdm2NLD)
    - (GelderlandAdm1NLD, NijkerkAdm2NLD)
    - (GelderlandAdm1NLD, NijmegenAdm2NLD)
    - (GelderlandAdm1NLD, OldebroekAdm2NLD)
    - (GelderlandAdm1NLD, PuttenAdm2NLD)
    - (GelderlandAdm1NLD, RenkumAdm2NLD)
    - (GelderlandAdm1NLD, RhedenAdm2NLD)
    - (GelderlandAdm1NLD, RozendaalAdm2NLD)
    - (GelderlandAdm1NLD, ScherpenzeelAdm2NLD)
    - (GelderlandAdm1NLD, TielAdm2NLD)
    - (GelderlandAdm1NLD, VoorstAdm2NLD)
    - (GelderlandAdm1NLD, WageningenAdm2NLD)
    - (GelderlandAdm1NLD, WestervoortAdm2NLD)
    - (GelderlandAdm1NLD, WinterswijkAdm2NLD)
    - (GelderlandAdm1NLD, WijchenAdm2NLD)
    - (GelderlandAdm1NLD, ZaltbommelAdm2NLD)
    - (GelderlandAdm1NLD, ZevenaarAdm2NLD)
    - (GelderlandAdm1NLD, ZutphenAdm2NLD)
    - (GelderlandAdm1NLD, NunspeetAdm2NLD)
    - (GelderlandAdm1NLD, WestMaasenWaalAdm2NLD)
    - (GelderlandAdm1NLD, OudeIJsselstreekAdm2NLD)
    - (GelderlandAdm1NLD, OostGelreAdm2NLD)
    - (GelderlandAdm1NLD, LingewaardAdm2NLD)
    - (GelderlandAdm1NLD, OverbetuweAdm2NLD)
    - (GelderlandAdm1NLD, Neder-BetuweAdm2NLD)
    - (GelderlandAdm1NLD, BerkellandAdm2NLD)
    - (GelderlandAdm1NLD, BronckhorstAdm2NLD)
    - (GelderlandAdm1NLD, BergenDalAdm2NLD)
    - (GelderlandAdm1NLD, MontferlandAdm2NLD)
    - (GelderlandAdm1NLD, WestBetuweAdm2NLD)
    - (Zuid-HollandAdm1NLD, AlblasserdamAdm2NLD)
    - (Zuid-HollandAdm1NLD, AlphenaandenRijnAdm2NLD)
    - (Zuid-HollandAdm1NLD, BarendrechtAdm2NLD)
    - (Zuid-HollandAdm1NLD, BrielleAdm2NLD)
    - (Zuid-HollandAdm1NLD, CapelleaandenIJsselAdm2NLD)
    - (Zuid-HollandAdm1NLD, DelftAdm2NLD)
    - (Zuid-HollandAdm1NLD, DordrechtAdm2NLD)
    - (Zuid-HollandAdm1NLD, GorinchemAdm2NLD)
    - (Zuid-HollandAdm1NLD, GoudaAdm2NLD)
    - (Zuid-HollandAdm1NLD, 's-GravenhageAdm2NLD)
    - (Zuid-HollandAdm1NLD, Hardinxveld-GiessendamAdm2NLD)
    - (Zuid-HollandAdm1NLD, HellevoetsluisAdm2NLD)
    - (Zuid-HollandAdm1NLD, Hendrik-Ido-AmbachtAdm2NLD)
    - (Zuid-HollandAdm1NLD, HillegomAdm2NLD)
    - (Zuid-HollandAdm1NLD, KatwijkAdm2NLD)
    - (Zuid-HollandAdm1NLD, KrimpenaandenIJsselAdm2NLD)
    - (Zuid-HollandAdm1NLD, LeidenAdm2NLD)
    - (Zuid-HollandAdm1NLD, LeiderdorpAdm2NLD)
    - (Zuid-HollandAdm1NLD, LisseAdm2NLD)
    - (Zuid-HollandAdm1NLD, MaassluisAdm2NLD)
    - (Zuid-HollandAdm1NLD, NieuwkoopAdm2NLD)
    - (Zuid-HollandAdm1NLD, NoordwijkAdm2NLD)
    - (Zuid-HollandAdm1NLD, OegstgeestAdm2NLD)
    - (Zuid-HollandAdm1NLD, PapendrechtAdm2NLD)
    - (Zuid-HollandAdm1NLD, RidderkerkAdm2NLD)
    - (Zuid-HollandAdm1NLD, RotterdamAdm2NLD)
    - (Zuid-HollandAdm1NLD, RijswijkAdm2NLD)
    - (Zuid-HollandAdm1NLD, SchiedamAdm2NLD)
    - (Zuid-HollandAdm1NLD, SliedrechtAdm2NLD)
    - (Zuid-HollandAdm1NLD, AlbrandswaardAdm2NLD)
    - (Zuid-HollandAdm1NLD, WestvoorneAdm2NLD)
    - (Zuid-HollandAdm1NLD, VlaardingenAdm2NLD)
    - (Zuid-HollandAdm1NLD, VoorschotenAdm2NLD)
    - (Zuid-HollandAdm1NLD, WaddinxveenAdm2NLD)
    - (Zuid-HollandAdm1NLD, WassenaarAdm2NLD)
    - (Zuid-HollandAdm1NLD, ZoetermeerAdm2NLD)
    - (Zuid-HollandAdm1NLD, ZoeterwoudeAdm2NLD)
    - (Zuid-HollandAdm1NLD, ZwijndrechtAdm2NLD)
    - (Zuid-HollandAdm1NLD, TeylingenAdm2NLD)
    - (Zuid-HollandAdm1NLD, LansingerlandAdm2NLD)
    - (Zuid-HollandAdm1NLD, WestlandAdm2NLD)
    - (Zuid-HollandAdm1NLD, Midden-DelflandAdm2NLD)
    - (Zuid-HollandAdm1NLD, KaagenBraassemAdm2NLD)
    - (Zuid-HollandAdm1NLD, ZuidplasAdm2NLD)
    - (Zuid-HollandAdm1NLD, Bodegraven-ReeuwijkAdm2NLD)
    - (Zuid-HollandAdm1NLD, Leidschendam-VoorburgAdm2NLD)
    - (Zuid-HollandAdm1NLD, Goeree-OverflakkeeAdm2NLD)
    - (Zuid-HollandAdm1NLD, Pijnacker-NootdorpAdm2NLD)
    - (Zuid-HollandAdm1NLD, NissewaardAdm2NLD)
    - (Zuid-HollandAdm1NLD, KrimpenerwaardAdm2NLD)
    - (Zuid-HollandAdm1NLD, HoekscheWaardAdm2NLD)
    - (Zuid-HollandAdm1NLD, MolenlandenAdm2NLD)
    - (FryslânAdm1NLD, AchtkarspelenAdm2NLD)
    - (FryslânAdm1NLD, AmelandAdm2NLD)
    - (FryslânAdm1NLD, HarlingenAdm2NLD)
    - (FryslânAdm1NLD, HeerenveenAdm2NLD)
    - (FryslânAdm1NLD, LeeuwardenAdm2NLD)
    - (FryslânAdm1NLD, OoststellingwerfAdm2NLD)
    - (FryslânAdm1NLD, OpsterlandAdm2NLD)
    - (FryslânAdm1NLD, SchiermonnikoogAdm2NLD)
    - (FryslânAdm1NLD, SmallingerlandAdm2NLD)
    - (FryslânAdm1NLD, TerschellingAdm2NLD)
    - (FryslânAdm1NLD, VlielandAdm2NLD)
    - (FryslânAdm1NLD, WeststellingwerfAdm2NLD)
    - (FryslânAdm1NLD, TytsjerksteradielAdm2NLD)
    - (FryslânAdm1NLD, DantumadielAdm2NLD)
    - (FryslânAdm1NLD, Súdwest-FryslânAdm2NLD)
    - (FryslânAdm1NLD, DeFryskeMarrenAdm2NLD)
    - (FryslânAdm1NLD, WaadhoekeAdm2NLD)
    - (FryslânAdm1NLD, Noardeast-FryslânAdm2NLD)
    - (Noord-BrabantAdm1NLD, AstenAdm2NLD)
    - (Noord-BrabantAdm1NLD, Baarle-NassauAdm2NLD)
    - (Noord-BrabantAdm1NLD, BergenopZoomAdm2NLD)
    - (Noord-BrabantAdm1NLD, BestAdm2NLD)
    - (Noord-BrabantAdm1NLD, BoekelAdm2NLD)
    - (Noord-BrabantAdm1NLD, BoxtelAdm2NLD)
    - (Noord-BrabantAdm1NLD, BredaAdm2NLD)
    - (Noord-BrabantAdm1NLD, DeurneAdm2NLD)
    - (Noord-BrabantAdm1NLD, DongenAdm2NLD)
    - (Noord-BrabantAdm1NLD, EerselAdm2NLD)
    - (Noord-BrabantAdm1NLD, EindhovenAdm2NLD)
    - (Noord-BrabantAdm1NLD, Etten-LeurAdm2NLD)
    - (Noord-BrabantAdm1NLD, GeertruidenbergAdm2NLD)
    - (Noord-BrabantAdm1NLD, GilzeenRijenAdm2NLD)
    - (Noord-BrabantAdm1NLD, GoirleAdm2NLD)
    - (Noord-BrabantAdm1NLD, HelmondAdm2NLD)
    - (Noord-BrabantAdm1NLD, 's-HertogenboschAdm2NLD)
    - (Noord-BrabantAdm1NLD, HeusdenAdm2NLD)
    - (Noord-BrabantAdm1NLD, HilvarenbeekAdm2NLD)
    - (Noord-BrabantAdm1NLD, LoonopZandAdm2NLD)
    - (Noord-BrabantAdm1NLD, Nuenen,GerwenenNederwettenAdm2NLD)
    - (Noord-BrabantAdm1NLD, OirschotAdm2NLD)
    - (Noord-BrabantAdm1NLD, OisterwijkAdm2NLD)
    - (Noord-BrabantAdm1NLD, OosterhoutAdm2NLD)
    - (Noord-BrabantAdm1NLD, OssAdm2NLD)
    - (Noord-BrabantAdm1NLD, RucphenAdm2NLD)
    - (Noord-BrabantAdm1NLD, Sint-MichielsgestelAdm2NLD)
    - (Noord-BrabantAdm1NLD, SomerenAdm2NLD)
    - (Noord-BrabantAdm1NLD, SonenBreugelAdm2NLD)
    - (Noord-BrabantAdm1NLD, SteenbergenAdm2NLD)
    - (Noord-BrabantAdm1NLD, TilburgAdm2NLD)
    - (Noord-BrabantAdm1NLD, ValkenswaardAdm2NLD)
    - (Noord-BrabantAdm1NLD, VeldhovenAdm2NLD)
    - (Noord-BrabantAdm1NLD, VughtAdm2NLD)
    - (Noord-BrabantAdm1NLD, WaalreAdm2NLD)
    - (Noord-BrabantAdm1NLD, WaalwijkAdm2NLD)
    - (Noord-BrabantAdm1NLD, WoensdrechtAdm2NLD)
    - (Noord-BrabantAdm1NLD, ZundertAdm2NLD)
    - (Noord-BrabantAdm1NLD, Gemert-BakelAdm2NLD)
    - (Noord-BrabantAdm1NLD, HalderbergeAdm2NLD)
    - (Noord-BrabantAdm1NLD, Heeze-LeendeAdm2NLD)
    - (Noord-BrabantAdm1NLD, LaarbeekAdm2NLD)
    - (Noord-BrabantAdm1NLD, Reusel-DeMierdenAdm2NLD)
    - (Noord-BrabantAdm1NLD, RoosendaalAdm2NLD)
    - (Noord-BrabantAdm1NLD, CranendonckAdm2NLD)
    - (Noord-BrabantAdm1NLD, MoerdijkAdm2NLD)
    - (Noord-BrabantAdm1NLD, DrimmelenAdm2NLD)
    - (Noord-BrabantAdm1NLD, BernhezeAdm2NLD)
    - (Noord-BrabantAdm1NLD, Alphen-ChaamAdm2NLD)
    - (Noord-BrabantAdm1NLD, BergeijkAdm2NLD)
    - (Noord-BrabantAdm1NLD, BladelAdm2NLD)
    - (Noord-BrabantAdm1NLD, Geldrop-MierloAdm2NLD)
    - (Noord-BrabantAdm1NLD, MeierijstadAdm2NLD)
    - (Noord-BrabantAdm1NLD, AltenaAdm2NLD)
    - (Noord-BrabantAdm1NLD, LandvanCuijkAdm2NLD)
    - (Noord-BrabantAdm1NLD, MaashorstAdm2NLD)
    - (LimburgAdm1NLD, LandgraafAdm2NLD)
    - (LimburgAdm1NLD, BeekAdm2NLD)
    - (LimburgAdm1NLD, BeeselAdm2NLD)
    - (LimburgAdm1NLD, Bergen(L)Adm2NLD)
    - (LimburgAdm1NLD, BrunssumAdm2NLD)
    - (LimburgAdm1NLD, GennepAdm2NLD)
    - (LimburgAdm1NLD, HeerlenAdm2NLD)
    - (LimburgAdm1NLD, KerkradeAdm2NLD)
    - (LimburgAdm1NLD, MaastrichtAdm2NLD)
    - (LimburgAdm1NLD, MeerssenAdm2NLD)
    - (LimburgAdm1NLD, MookenMiddelaarAdm2NLD)
    - (LimburgAdm1NLD, NederweertAdm2NLD)
    - (LimburgAdm1NLD, RoermondAdm2NLD)
    - (LimburgAdm1NLD, SimpelveldAdm2NLD)
    - (LimburgAdm1NLD, SteinAdm2NLD)
    - (LimburgAdm1NLD, VaalsAdm2NLD)
    - (LimburgAdm1NLD, VenloAdm2NLD)
    - (LimburgAdm1NLD, VenrayAdm2NLD)
    - (LimburgAdm1NLD, VoerendaalAdm2NLD)
    - (LimburgAdm1NLD, WeertAdm2NLD)
    - (LimburgAdm1NLD, ValkenburgaandeGeulAdm2NLD)
    - (LimburgAdm1NLD, HorstaandeMaasAdm2NLD)
    - (LimburgAdm1NLD, LeudalAdm2NLD)
    - (LimburgAdm1NLD, MaasgouwAdm2NLD)
    - (LimburgAdm1NLD, RoerdalenAdm2NLD)
    - (LimburgAdm1NLD, Echt-SusterenAdm2NLD)
    - (LimburgAdm1NLD, Gulpen-WittemAdm2NLD)
    - (LimburgAdm1NLD, Sittard-GeleenAdm2NLD)
    - (LimburgAdm1NLD, PeelenMaasAdm2NLD)
    - (LimburgAdm1NLD, Eijsden-MargratenAdm2NLD)
    - (LimburgAdm1NLD, BeekdaelenAdm2NLD)
    - (ZeelandAdm1NLD, BorseleAdm2NLD)
    - (ZeelandAdm1NLD, GoesAdm2NLD)
    - (ZeelandAdm1NLD, HulstAdm2NLD)
    - (ZeelandAdm1NLD, KapelleAdm2NLD)
    - (ZeelandAdm1NLD, MiddelburgAdm2NLD)
    - (ZeelandAdm1NLD, ReimerswaalAdm2NLD)
    - (ZeelandAdm1NLD, TerneuzenAdm2NLD)
    - (ZeelandAdm1NLD, TholenAdm2NLD)
    - (ZeelandAdm1NLD, VeereAdm2NLD)
    - (ZeelandAdm1NLD, VlissingenAdm2NLD)
    - (ZeelandAdm1NLD, Schouwen-DuivelandAdm2NLD)
    - (ZeelandAdm1NLD, Noord-BevelandAdm2NLD)
    - (ZeelandAdm1NLD, SluisAdm2NLD)
